﻿state,UF,Região
DF,Distrito Federal,Centro-oeste
GO,Goiás,Centro-oeste
MT,Mato Grosso,Centro-oeste
MS,Mato Grosso do Sul,Centro-oeste
AL,Alagoas,Nordeste
BA,Bahia,Nordeste
CE,Ceará,Nordeste
MA,Maranhão,Nordeste
PB,Paraíba,Nordeste
PE,Pernambuco,Nordeste
PI,Piauí,Nordeste
RN,Rio Grande do Norte,Nordeste
SE,Sergipe,Nordeste
AC,Acre,Norte
AP,Amapá,Norte
AM,Amazonas,Norte
PA,Pará,Norte
RO,Rondônia,Norte
RR,Roraima,Norte
TO,Tocantins,Norte
ES,Espírito Santo,Sudeste
MG,Minas Gerais,Sudeste
RJ,Rio de Janeiro,Sudeste
SP,São Paulo,Sudeste
PR,Paraná,Sul
RS,Rio Grande do Sul,Sul
SC,Santa Catarina,Sul
